id,nombre,apellido,email,genero,trabajador_activo
1,Dix,Segar,dsegar0@photobucket.com,Female,false
2,Alejandro,Benfield,abenfield1@chronoengine.com,Male,false
3,Evin,Iron,eiron2@yahoo.co.jp,Bigender,true
4,Thain,Valentinuzzi,tvalentinuzzi3@unesco.org,Male,false
5,Birgitta,Frigot,bfrigot4@tuttocitta.it,Female,true
6,Diandra,Purselowe,dpurselowe5@digg.com,Female,false
7,Rudyard,Cully,rcully6@geocities.jp,Male,true
8,Eleonora,Christophle,echristophle7@reuters.com,Genderqueer,false
9,Shermy,Felipe,sfelipe8@marketwatch.com,Male,false
10,Lonna,Briars,lbriars9@infoseek.co.jp,Female,true
11,Hollis,Wickett,hwicketta@newsvine.com,Male,false
12,Lars,Pittman,lpittmanb@indiatimes.com,Male,false
13,Nicolle,Dat,ndatc@github.io,Female,false
14,Emmy,Klimkovich,eklimkovichd@printfriendly.com,Female,false
15,Murry,Wimpey,mwimpeye@xinhuanet.com,Male,true
16,Brade,Caughan,bcaughanf@comcast.net,Male,false
17,Minette,Iannitti,miannittig@goo.gl,Female,false
18,Bert,Coull,bcoullh@nasa.gov,Bigender,true
19,Rafaellle,Bentame,rbentamei@sfgate.com,Genderfluid,false
20,Frederique,Churms,fchurmsj@abc.net.au,Female,true
21,Nappy,Ioannou,nioannouk@sakura.ne.jp,Male,true
22,Tuck,Montford,tmontfordl@webs.com,Male,true
23,Chancey,Gonnard,cgonnardm@yelp.com,Male,false
24,Arleyne,Scrimshire,ascrimshiren@bloomberg.com,Female,false
25,Ivory,Salan,isalano@theatlantic.com,Female,false
26,Cassi,Melesk,cmeleskp@springer.com,Female,true
27,Franklyn,Laneham,flanehamq@pen.io,Male,false
28,Brooke,Rumbellow,brumbellowr@tripadvisor.com,Male,true
29,Bernard,Barrington,bbarringtons@mail.ru,Male,true
30,Jeremiah,Tanswell,jtanswellt@independent.co.uk,Male,false
31,Nappy,Ladd,nladdu@intel.com,Male,false
32,Brodie,Whitley,bwhitleyv@dyndns.org,Male,false
33,Marya,Laroze,mlarozew@w3.org,Agender,true
34,Nathalie,Cluelow,ncluelowx@fastcompany.com,Agender,true
35,Tristan,Dewett,tdewetty@spotify.com,Genderfluid,false
36,Danya,Ginie,dginiez@ifeng.com,Female,false
37,Gearalt,Carnilian,gcarnilian10@photobucket.com,Male,true
38,Rania,Yo,ryo11@ebay.co.uk,Female,false
39,Gran,Scamerden,gscamerden12@drupal.org,Non-binary,true
40,Nappy,Brotherton,nbrotherton13@acquirethisname.com,Male,false
41,Bruis,Bradley,bbradley14@hc360.com,Genderfluid,true
42,Roi,Arnke,rarnke15@biblegateway.com,Male,false
43,Fredericka,Yter,fyter16@google.co.jp,Female,true
44,Karoly,Hornung,khornung17@whitehouse.gov,Male,true
45,Branden,Gason,bgason18@topsy.com,Male,false
46,Mendie,Cutchey,mcutchey19@slate.com,Male,true
47,Newton,Ubanks,nubanks1a@comcast.net,Male,false
48,Nickolas,Cranmor,ncranmor1b@earthlink.net,Male,false
49,Derrick,Jeanneau,djeanneau1c@naver.com,Male,true
50,Deni,Wallbank,dwallbank1d@issuu.com,Female,true
51,Loralyn,Causby,lcausby1e@twitter.com,Female,false
52,Renata,Buddle,rbuddle1f@gizmodo.com,Genderqueer,false
53,Iggy,Prantl,iprantl1g@google.com.au,Male,true
54,Estell,Bosnell,ebosnell1h@statcounter.com,Female,true
55,Scotty,Durtnal,sdurtnal1i@de.vu,Male,true
56,Sabina,Winwright,swinwright1j@cdbaby.com,Female,true
57,Raimondo,Youd,ryoud1k@domainmarket.com,Male,true
58,Manolo,Pitkethly,mpitkethly1l@ocn.ne.jp,Male,true
59,Grete,Steel,gsteel1m@yolasite.com,Bigender,true
60,Kitti,Kopelman,kkopelman1n@gravatar.com,Female,false
61,Torrin,Dring,tdring1o@bbb.org,Male,false
62,Nicoline,Chaman,nchaman1p@deliciousdays.com,Female,true
63,Hugh,Clemmey,hclemmey1q@cornell.edu,Male,true
64,Marcus,Nigh,mnigh1r@shinystat.com,Male,true
65,Babette,Kenen,bkenen1s@biblegateway.com,Female,true
66,Boyce,Vallentin,bvallentin1t@shutterfly.com,Male,false
67,Kare,Prene,kprene1u@yelp.com,Female,false
68,Fenelia,Everest,feverest1v@blog.com,Female,false
69,Gertrudis,Lentsch,glentsch1w@java.com,Female,true
70,Krystle,Woollaston,kwoollaston1x@facebook.com,Female,false
71,Josefina,Feighry,jfeighry1y@unesco.org,Female,true
72,Chrystel,Boarleyson,cboarleyson1z@histats.com,Genderqueer,true
73,Claretta,Phipp,cphipp20@dmoz.org,Female,true
74,Marci,Ossulton,mossulton21@salon.com,Female,true
75,Gregoire,Dawidman,gdawidman22@tripadvisor.com,Male,true
76,Raynell,Milby,rmilby23@samsung.com,Female,false
77,Tasha,Howden,thowden24@sciencedirect.com,Female,true
78,Dolly,Yellowlees,dyellowlees25@salon.com,Female,true
79,Jessika,McLaggan,jmclaggan26@joomla.org,Female,false
80,Colman,McCracken,cmccracken27@ameblo.jp,Male,true
81,Bartholemy,Francesco,bfrancesco28@miitbeian.gov.cn,Male,false
82,Emmett,Wigmore,ewigmore29@purevolume.com,Male,true
83,Miguela,Croizier,mcroizier2a@scribd.com,Female,false
84,Flo,Wiggam,fwiggam2b@chicagotribune.com,Female,true
85,Ruthie,Biglin,rbiglin2c@list-manage.com,Female,true
86,Jessy,Clere,jclere2d@vistaprint.com,Female,true
87,Philip,Rickertsen,prickertsen2e@4shared.com,Male,false
88,Reuven,Parysowna,rparysowna2f@yandex.ru,Male,true
89,Gwenneth,Cockling,gcockling2g@ycombinator.com,Female,false
90,Gustav,Firebrace,gfirebrace2h@github.io,Male,true
91,Valentino,Besnard,vbesnard2i@msn.com,Male,false
92,Colly,Enrrico,cenrrico2j@feedburner.com,Female,false
93,Paula,Vanichkov,pvanichkov2k@list-manage.com,Female,false
94,Lilian,Pinnijar,lpinnijar2l@yahoo.com,Female,true
95,Collin,Darley,cdarley2m@smugmug.com,Male,false
96,Rhody,Lacer,rlacer2n@sfgate.com,Female,false
97,Cull,Dursley,cdursley2o@mit.edu,Male,true
98,Merl,Weine,mweine2p@hubpages.com,Female,true
99,Celina,Wackly,cwackly2q@imgur.com,Female,false
100,Buffy,Dovington,bdovington2r@marriott.com,Female,false
101,Lara,Seadon,lseadon2s@soup.io,Polygender,true
102,Hardy,Cone,hcone2t@opensource.org,Male,true
103,Horacio,Sives,hsives2u@harvard.edu,Male,false
104,Sisile,Waterhouse,swaterhouse2v@furl.net,Female,true
105,Brooke,Aldred,baldred2w@amazon.com,Male,true
106,Shelba,Waller-Bridge,swallerbridge2x@blog.com,Female,true
107,Christal,Gullam,cgullam2y@behance.net,Female,false
108,Alysia,Salters,asalters2z@oracle.com,Female,true
109,Bibbie,Cumberpatch,bcumberpatch30@vimeo.com,Female,true
110,Ingar,Soro,isoro31@ed.gov,Male,true
111,Alfi,Denisyuk,adenisyuk32@youtube.com,Female,false
112,Josy,Arstingall,jarstingall33@blinklist.com,Female,true
113,Marchelle,Pikhno,mpikhno34@npr.org,Female,true
114,Davidde,Boise,dboise35@miitbeian.gov.cn,Male,false
115,Emera,St Leger,estleger36@drupal.org,Genderfluid,true
116,Nealon,Grinham,ngrinham37@economist.com,Polygender,false
117,Nettle,Iddenden,niddenden38@de.vu,Female,false
118,Pacorro,Binny,pbinny39@apache.org,Male,true
119,Zebulon,Gosforth,zgosforth3a@vinaora.com,Male,true
120,Web,Mixworthy,wmixworthy3b@businessinsider.com,Male,false
121,Eldon,Grunbaum,egrunbaum3c@blinklist.com,Male,true
122,Den,Baumann,dbaumann3d@tamu.edu,Male,false
123,Johannah,Bilson,jbilson3e@cdc.gov,Female,false
124,Jose,Stebbings,jstebbings3f@weather.com,Male,true
125,Rourke,Hegarty,rhegarty3g@multiply.com,Male,false
126,Kevin,Cluely,kcluely3h@csmonitor.com,Male,false
127,Temp,Rubinchik,trubinchik3i@cdc.gov,Male,true
128,Jerrilee,Brownsett,jbrownsett3j@stanford.edu,Female,false
129,Boniface,Welch,bwelch3k@1688.com,Male,true
130,Bret,Baldacchi,bbaldacchi3l@upenn.edu,Male,false
131,Helen-elizabeth,Faulconbridge,hfaulconbridge3m@discuz.net,Female,false
132,Ralph,Brewitt,rbrewitt3n@umich.edu,Male,false
133,Arturo,Yurshev,ayurshev3o@google.ca,Male,false
134,Pepito,Simco,psimco3p@senate.gov,Male,false
135,Opaline,Dun,odun3q@g.co,Female,true
136,Mose,Ellett,mellett3r@so-net.ne.jp,Male,true
137,Francine,Kassidy,fkassidy3s@rambler.ru,Female,true
138,Fawnia,Ferens,fferens3t@abc.net.au,Female,false
139,Cheri,Janowicz,cjanowicz3u@va.gov,Genderqueer,true
140,Rosa,Gors,rgors3v@mit.edu,Female,false
141,Gianni,Everwin,geverwin3w@nyu.edu,Male,true
142,Wylie,Southworth,wsouthworth3x@cnn.com,Male,false
143,Trescha,Nickless,tnickless3y@ebay.com,Female,false
144,Angelique,Kinson,akinson3z@globo.com,Female,true
145,Carmina,Iapico,ciapico40@photobucket.com,Female,true
146,Kandace,Oty,koty41@answers.com,Female,false
147,Dee,Reiglar,dreiglar42@dion.ne.jp,Agender,true
148,Ludwig,O'Henecan,lohenecan43@google.cn,Male,false
149,Lynette,Kaming,lkaming44@sina.com.cn,Bigender,true
150,Caprice,Goodrum,cgoodrum45@hostgator.com,Female,false
151,Gretchen,Dmitriev,gdmitriev46@barnesandnoble.com,Female,true
152,Heinrik,Antic,hantic47@walmart.com,Male,true
153,Lissy,Conahy,lconahy48@newsvine.com,Female,false
154,Symon,Winterscale,swinterscale49@tripod.com,Male,false
155,Jase,Burghill,jburghill4a@facebook.com,Male,true
156,Nissie,Ellicombe,nellicombe4b@cdc.gov,Female,true
157,Chuck,Blakeden,cblakeden4c@unicef.org,Male,false
158,Bobbi,Norkett,bnorkett4d@latimes.com,Female,false
159,Philippe,Pierrepoint,ppierrepoint4e@microsoft.com,Female,false
160,Urson,Thirkettle,uthirkettle4f@mediafire.com,Male,false
161,Jess,Cornilli,jcornilli4g@g.co,Male,true
162,Fritz,Lawrinson,flawrinson4h@mail.ru,Male,false
163,Ajay,Winfrey,awinfrey4i@un.org,Female,true
164,Dermot,Schoales,dschoales4j@foxnews.com,Male,true
165,Laurence,Karchewski,lkarchewski4k@about.me,Male,true
166,Diannne,Zealey,dzealey4l@issuu.com,Female,false
167,Erika,Walne,ewalne4m@japanpost.jp,Female,false
168,Lyndsay,Blazic,lblazic4n@eepurl.com,Polygender,true
169,Desiri,Queyos,dqueyos4o@about.com,Female,false
170,Kirk,Lackinton,klackinton4p@1und1.de,Male,true
171,Howard,Berrygun,hberrygun4q@sogou.com,Male,true
172,Ardeen,Tift,atift4r@over-blog.com,Female,false
173,Rodolfo,Midson,rmidson4s@imdb.com,Male,true
174,Maible,Blanque,mblanque4t@joomla.org,Female,false
175,Alphonso,Fidgin,afidgin4u@mysql.com,Male,true
176,Zitella,Lusgdin,zlusgdin4v@hao123.com,Female,false
177,Buffy,Mardoll,bmardoll4w@gravatar.com,Genderfluid,false
178,Bruno,Laxe,blaxe4x@cocolog-nifty.com,Male,false
179,Scottie,Byk,sbyk4y@mediafire.com,Male,false
180,Ahmad,Rosekilly,arosekilly4z@weather.com,Male,false
181,Cherilyn,Roe,croe50@hugedomains.com,Genderqueer,false
182,Karlis,Bicknell,kbicknell51@zimbio.com,Male,true
183,Cassandry,Frewer,cfrewer52@usa.gov,Female,true
184,Jermain,Padgham,jpadgham53@spiegel.de,Male,true
185,Maritsa,Sheepy,msheepy54@state.gov,Female,false
186,Sosanna,McGeouch,smcgeouch55@example.com,Female,false
187,Domeniga,Redwood,dredwood56@irs.gov,Female,true
188,Homere,Giabuzzi,hgiabuzzi57@jalbum.net,Male,false
189,Aubry,Fake,afake58@vkontakte.ru,Female,false
190,Barde,Picard,bpicard59@bbb.org,Male,false
191,Earl,Riall,eriall5a@bbb.org,Male,false
192,Cora,Dimsdale,cdimsdale5b@bloglovin.com,Female,false
193,Alford,Laurens,alaurens5c@gizmodo.com,Male,false
194,Lissie,Denes,ldenes5d@hugedomains.com,Female,false
195,Lari,Butler,lbutler5e@nyu.edu,Female,true
196,Helenelizabeth,Dart,hdart5f@earthlink.net,Female,true
197,Fernandina,Puttrell,fputtrell5g@shop-pro.jp,Female,true
198,Nerti,McKeevers,nmckeevers5h@behance.net,Female,false
199,Yorgos,Riordan,yriordan5i@nationalgeographic.com,Male,true
200,Lee,Caccavale,lcaccavale5j@noaa.gov,Female,true
201,Benoite,Ilett,bilett5k@disqus.com,Female,false
202,Nannie,Conahy,nconahy5l@telegraph.co.uk,Female,true
203,Vyky,Foale,vfoale5m@vkontakte.ru,Female,false
204,Herbert,Gawler,hgawler5n@discovery.com,Male,false
205,Zak,Cawdron,zcawdron5o@redcross.org,Male,true
206,Rafi,Adelman,radelman5p@rediff.com,Male,true
207,Cristiano,Marrows,cmarrows5q@constantcontact.com,Male,false
208,Kinnie,Hunnywell,khunnywell5r@1688.com,Male,false
209,Zelig,Greenman,zgreenman5s@baidu.com,Male,false
210,Dew,Shorbrook,dshorbrook5t@mapquest.com,Male,false
211,Bella,Stearndale,bstearndale5u@youtube.com,Female,false
212,Ulrike,Barnwille,ubarnwille5v@shop-pro.jp,Female,false
213,Mellisa,Sturdy,msturdy5w@multiply.com,Female,false
214,Hazel,Bromfield,hbromfield5x@google.co.jp,Genderfluid,true
215,Eirena,Clarkin,eclarkin5y@nsw.gov.au,Female,false
216,Doloritas,Gypson,dgypson5z@blogs.com,Female,false
217,Ban,Butterwick,bbutterwick60@hao123.com,Male,true
218,Ellie,Treweela,etreweela61@unc.edu,Female,true
219,Ronda,Massingham,rmassingham62@bloglines.com,Female,false
220,Mead,Eccleston,meccleston63@fda.gov,Male,true
221,Ardelle,Heams,aheams64@bandcamp.com,Female,true
222,Kienan,Chanter,kchanter65@ow.ly,Bigender,false
223,Jana,McPhelimey,jmcphelimey66@dailymail.co.uk,Female,false
224,Ulrica,McAree,umcaree67@taobao.com,Female,false
225,Ganny,Aaronson,gaaronson68@ifeng.com,Male,false
226,Darius,Leming,dleming69@salon.com,Male,true
227,Crissie,Assender,cassender6a@nydailynews.com,Female,true
228,Kalindi,Camelli,kcamelli6b@ucoz.com,Female,false
229,Kathleen,Dalli,kdalli6c@ucoz.com,Female,true
230,Berky,Pickburn,bpickburn6d@networkadvertising.org,Male,true
231,Linnea,Gilks,lgilks6e@eepurl.com,Female,false
232,Romeo,Wyett,rwyett6f@dailymail.co.uk,Male,false
233,Rachele,Tildesley,rtildesley6g@shutterfly.com,Genderfluid,false
234,Max,Marton,mmarton6h@guardian.co.uk,Female,true
235,Roselin,Nulty,rnulty6i@aboutads.info,Female,false
236,Tildi,Benois,tbenois6j@xinhuanet.com,Female,false
237,Merralee,Trawin,mtrawin6k@marketwatch.com,Female,true
238,Ilka,Myrick,imyrick6l@fema.gov,Genderfluid,true
239,Mikey,Cree,mcree6m@cargocollective.com,Male,false
240,Zahara,Addionizio,zaddionizio6n@amazon.co.uk,Female,false
241,Marguerite,Royan,mroyan6o@engadget.com,Female,false
242,Marthe,Harragin,mharragin6p@netlog.com,Female,false
243,Lavina,Emslie,lemslie6q@google.de,Female,true
244,Ede,Poynter,epoynter6r@sfgate.com,Female,false
245,Willard,Boole,wboole6s@yahoo.co.jp,Male,false
246,Eduino,Belchamp,ebelchamp6t@liveinternet.ru,Male,true
247,Candi,Bankes,cbankes6u@businesswire.com,Female,true
248,Tobiah,Woolager,twoolager6v@slate.com,Male,true
249,Aryn,Sackes,asackes6w@friendfeed.com,Female,true
250,Lester,Doak,ldoak6x@blinklist.com,Polygender,false
251,Allx,Milnes,amilnes6y@yellowpages.com,Female,true
252,Bernardo,Bruff,bbruff6z@squarespace.com,Male,true
253,Luciano,McAllister,lmcallister70@spiegel.de,Male,false
254,Oran,Mill,omill71@techcrunch.com,Male,true
255,Raymund,Iddenden,riddenden72@tuttocitta.it,Male,true
256,Doe,Palister,dpalister73@phoca.cz,Female,true
257,Enrique,Dunlap,edunlap74@patch.com,Male,false
258,Teddy,Flook,tflook75@ycombinator.com,Female,true
259,Arvin,Verdon,averdon76@odnoklassniki.ru,Male,true
260,Johny,Winterborne,jwinterborne77@geocities.jp,Bigender,false
261,Bobbi,Yeeles,byeeles78@cloudflare.com,Female,false
262,Mitzi,Datte,mdatte79@gravatar.com,Female,true
263,Ardene,Pietersen,apietersen7a@dell.com,Female,false
264,Alden,Matyashev,amatyashev7b@about.me,Male,false
265,Gamaliel,Sprulls,gsprulls7c@dailymail.co.uk,Male,true
266,Kirby,Beeby,kbeeby7d@creativecommons.org,Female,false
267,Haskel,Calley,hcalley7e@xrea.com,Male,false
268,Vasily,Bolus,vbolus7f@aol.com,Male,true
269,Rurik,McCulloch,rmcculloch7g@163.com,Male,false
270,Phaidra,Dincke,pdincke7h@techcrunch.com,Female,false
271,Shepperd,Caldwell,scaldwell7i@prlog.org,Male,false
272,Barnie,West-Frimley,bwestfrimley7j@hud.gov,Male,false
273,Lebbie,Kinver,lkinver7k@ask.com,Female,true
274,Priscella,Taffs,ptaffs7l@senate.gov,Female,true
275,Isabeau,Owthwaite,iowthwaite7m@slideshare.net,Female,false
276,Brinn,Schruurs,bschruurs7n@ed.gov,Non-binary,false
277,Jesus,Nottram,jnottram7o@usatoday.com,Male,true
278,Siffre,Stooders,sstooders7p@bigcartel.com,Male,false
279,Marcelline,Tincombe,mtincombe7q@smh.com.au,Female,false
280,Noni,Clues,nclues7r@pcworld.com,Female,true
281,Suellen,Leverson,sleverson7s@networkadvertising.org,Female,true
282,Lind,Pownall,lpownall7t@sina.com.cn,Male,true
283,Corty,Tant,ctant7u@amazon.co.uk,Polygender,false
284,Base,Matusiak,bmatusiak7v@discovery.com,Male,true
285,Janot,Vallance,jvallance7w@bbb.org,Female,false
286,Gillian,Wozencroft,gwozencroft7x@geocities.jp,Female,false
287,Spencer,Durnell,sdurnell7y@i2i.jp,Male,true
288,Devlen,Roarty,droarty7z@surveymonkey.com,Male,true
289,Durand,Cuxon,dcuxon80@mapquest.com,Male,false
290,Regan,Pinare,rpinare81@wikimedia.org,Male,false
291,Galven,Daine,gdaine82@livejournal.com,Male,true
292,Celesta,Teresse,cteresse83@chron.com,Female,false
293,Konstance,Hugland,khugland84@gnu.org,Female,true
294,Xavier,Chadbourn,xchadbourn85@angelfire.com,Male,false
295,Brice,Klug,bklug86@typepad.com,Male,true
296,Maurise,Ungerechts,mungerechts87@gmpg.org,Male,true
297,Ketti,McGrath,kmcgrath88@yellowbook.com,Genderfluid,true
298,Goran,Rickerd,grickerd89@networkadvertising.org,Male,false
299,Abey,Philpott,aphilpott8a@storify.com,Male,true
300,Towny,Pearton,tpearton8b@nymag.com,Male,false
301,Katine,Hindge,khindge8c@guardian.co.uk,Female,false
302,Zuzana,Huburn,zhuburn8d@about.me,Female,true
303,Abbie,Halgarth,ahalgarth8e@wikimedia.org,Male,true
304,Alidia,Cliff,acliff8f@blogspot.com,Female,true
305,Piotr,Bispo,pbispo8g@yelp.com,Male,true
306,Darius,Wingatt,dwingatt8h@cam.ac.uk,Male,false
307,Rebe,Hellmer,rhellmer8i@sciencedirect.com,Female,false
308,Shelby,Noraway,snoraway8j@slideshare.net,Female,false
309,Ree,Brackpool,rbrackpool8k@bloomberg.com,Female,false
310,Kaspar,Chandler,kchandler8l@nps.gov,Male,false
311,Larry,Arnaldo,larnaldo8m@go.com,Male,false
312,Sherwin,Sartain,ssartain8n@soundcloud.com,Male,false
313,Darrell,Gorelli,dgorelli8o@tumblr.com,Male,false
314,Ramon,Trenam,rtrenam8p@virginia.edu,Male,false
315,Zerk,Huyghe,zhuyghe8q@xinhuanet.com,Male,true
316,Lolita,Deschelle,ldeschelle8r@exblog.jp,Female,true
317,Zorina,Izakson,zizakson8s@sun.com,Female,true
318,Karl,Caldero,kcaldero8t@arizona.edu,Male,false
319,Maxy,Renwick,mrenwick8u@fotki.com,Male,true
320,Harmon,Godridge,hgodridge8v@com.com,Male,false
321,Norbie,Strachan,nstrachan8w@webs.com,Male,false
322,Felicdad,Crew,fcrew8x@ftc.gov,Female,true
323,Dennis,Overington,doverington8y@storify.com,Male,true
324,Karine,Jotham,kjotham8z@posterous.com,Female,true
325,Angy,Woolger,awoolger90@yolasite.com,Female,true
326,Tamarah,Prester,tprester91@ucoz.com,Non-binary,false
327,Murial,Juste,mjuste92@wikispaces.com,Female,false
328,Trumann,Murfett,tmurfett93@house.gov,Male,false
329,Griffy,Marjanovic,gmarjanovic94@slideshare.net,Bigender,false
330,Lacey,Noulton,lnoulton95@wikispaces.com,Female,false
331,Hilary,Caesmans,hcaesmans96@sohu.com,Male,false
332,Emelita,Lafayette,elafayette97@nationalgeographic.com,Female,true
333,Constancia,Merriday,cmerriday98@unblog.fr,Female,true
334,Kev,McKern,kmckern99@sina.com.cn,Male,true
335,Jarad,Ritchie,jritchie9a@ycombinator.com,Male,true
336,Kenn,Mc Trusty,kmctrusty9b@wunderground.com,Male,true
337,Heall,Spelling,hspelling9c@slashdot.org,Genderqueer,true
338,Jilly,Kopke,jkopke9d@friendfeed.com,Female,true
339,Jennette,Hurring,jhurring9e@telegraph.co.uk,Female,false
340,Greta,Pinar,gpinar9f@gmpg.org,Female,false
341,Gunner,Todaro,gtodaro9g@facebook.com,Male,true
342,Omero,Halahan,ohalahan9h@goo.gl,Male,false
343,Marty,Wiseman,mwiseman9i@google.nl,Male,false
344,Mattheus,De L'Isle,mdelisle9j@google.it,Male,true
345,Reube,Whitfeld,rwhitfeld9k@live.com,Male,false
346,Chantal,Robinett,crobinett9l@macromedia.com,Female,false
347,Hymie,Shorton,hshorton9m@amazonaws.com,Male,true
348,Heindrick,Rock,hrock9n@dmoz.org,Male,true
349,Roderick,Tramel,rtramel9o@printfriendly.com,Male,false
350,Amelita,Leebeter,aleebeter9p@chicagotribune.com,Female,true
351,Aldon,Tolley,atolley9q@lulu.com,Male,true
352,Joleen,Cardillo,jcardillo9r@apache.org,Female,false
353,Chickie,Tristram,ctristram9s@disqus.com,Female,false
354,Krissy,Kilfeather,kkilfeather9t@angelfire.com,Female,false
355,Cyrill,Gresch,cgresch9u@reddit.com,Male,true
356,Rozella,Nanninini,rnanninini9v@opera.com,Female,false
357,Lucas,Rigeby,lrigeby9w@lulu.com,Male,true
358,Jacquenetta,Tullett,jtullett9x@usatoday.com,Female,false
359,Crysta,Wroe,cwroe9y@china.com.cn,Female,true
360,Cornelia,Fallawe,cfallawe9z@dedecms.com,Female,false
361,Graehme,Pullen,gpullena0@jiathis.com,Male,false
362,Albie,Benitti,abenittia1@sina.com.cn,Male,true
363,Serene,Roseveare,srosevearea2@cam.ac.uk,Agender,true
364,Broderick,Daal,bdaala3@va.gov,Male,true
365,Yevette,Tankin,ytankina4@yahoo.co.jp,Female,true
366,Prudy,Leibold,pleibolda5@java.com,Female,false
367,Rutter,Brownsett,rbrownsetta6@eepurl.com,Male,false
368,Georgi,Dowsett,gdowsetta7@e-recht24.de,Male,false
369,Clarance,Tranckle,ctrancklea8@surveymonkey.com,Male,true
370,Harmony,Trathan,htrathana9@cbsnews.com,Female,true
371,Nealson,Semiras,nsemirasaa@biglobe.ne.jp,Male,false
372,Samson,Baugh,sbaughab@google.com.hk,Male,false
373,Jarrad,Guilfoyle,jguilfoyleac@reddit.com,Male,true
374,Annice,Severs,aseversad@vistaprint.com,Female,false
375,Russell,Penhalewick,rpenhalewickae@theatlantic.com,Male,false
376,Fransisco,Scade,fscadeaf@yolasite.com,Male,true
377,Abigael,Berthon,aberthonag@ow.ly,Female,true
378,Barney,Whotton,bwhottonah@studiopress.com,Male,true
379,Charla,Shorte,cshorteai@yahoo.com,Female,false
380,Dickie,Mengo,dmengoaj@ucoz.com,Male,false
381,Mackenzie,Francois,mfrancoisak@indiatimes.com,Male,false
382,Donelle,Rabbage,drabbageal@histats.com,Female,true
383,Bone,Mapples,bmapplesam@boston.com,Male,false
384,Laureen,Wynter,lwynteran@cornell.edu,Female,false
385,Gale,McIndrew,gmcindrewao@jigsy.com,Male,false
386,Sibylla,Hebble,shebbleap@nydailynews.com,Female,false
387,Lefty,Grubey,lgrubeyaq@webmd.com,Male,true
388,Joachim,Jolliman,jjollimanar@icio.us,Male,true
389,Thorstein,Sauter,tsauteras@prweb.com,Male,true
390,Eve,Gauntlett,egauntlettat@weather.com,Female,true
391,Pepe,Villiers,pvilliersau@google.fr,Male,false
392,Mikael,Belle,mbelleav@biblegateway.com,Male,true
393,Lek,Nicely,lnicelyaw@macromedia.com,Male,false
394,Rosalinde,Bletsoe,rbletsoeax@china.com.cn,Female,false
395,Rubin,Bugbird,rbugbirday@imdb.com,Male,false
396,Ansel,Reinhard,areinhardaz@unblog.fr,Male,true
397,Cecilius,Woodyer,cwoodyerb0@apache.org,Male,true
398,Dorice,Ceci,dcecib1@java.com,Female,true
399,Dahlia,Haward,dhawardb2@dell.com,Agender,false
400,Tod,Medcalfe,tmedcalfeb3@ebay.co.uk,Male,true
401,Katrina,Jelkes,kjelkesb4@ft.com,Female,false
402,Alfonso,Bussen,abussenb5@issuu.com,Genderfluid,true
403,Celka,Phillins,cphillinsb6@europa.eu,Female,false
404,Kimball,Fendley,kfendleyb7@shareasale.com,Male,false
405,Albertine,Bartrap,abartrapb8@opera.com,Female,false
406,Tabbie,Tomczak,ttomczakb9@edublogs.org,Male,false
407,Meggy,Cornfield,mcornfieldba@ft.com,Female,false
408,Mavis,Danaher,mdanaherbb@umn.edu,Female,true
409,Jesse,Benedict,jbenedictbc@bloglovin.com,Male,true
410,Geneva,Slavin,gslavinbd@addthis.com,Female,true
411,Chaim,Finicj,cfinicjbe@e-recht24.de,Male,false
412,Merill,Gian,mgianbf@shop-pro.jp,Male,false
413,Reagen,Woolmer,rwoolmerbg@google.com.au,Male,false
414,Sara,Hakes,shakesbh@time.com,Female,false
415,Lauren,Wythill,lwythillbi@dailymotion.com,Male,true
416,Fonsie,Corless,fcorlessbj@github.io,Male,false
417,Novelia,Aveline,navelinebk@army.mil,Female,true
418,Moishe,Burle,mburlebl@home.pl,Male,true
419,Floria,Doggett,fdoggettbm@shop-pro.jp,Female,false
420,Tedie,Georgiades,tgeorgiadesbn@tinyurl.com,Male,false
421,Joane,Dowgill,jdowgillbo@fc2.com,Non-binary,false
422,Tobin,Wrathmell,twrathmellbp@amazon.co.uk,Male,false
423,Martynne,McIlherran,mmcilherranbq@w3.org,Female,false
424,Husein,Lumsdall,hlumsdallbr@buzzfeed.com,Male,true
425,Cass,Housbey,chousbeybs@wp.com,Male,false
426,Dorotea,Winsley,dwinsleybt@aboutads.info,Female,false
427,Demetri,Carress,dcarressbu@eepurl.com,Male,true
428,Adrianne,Prose,aprosebv@xing.com,Female,true
429,Forester,Ubach,fubachbw@admin.ch,Male,true
430,Nikos,Hearnden,nhearndenbx@ucoz.ru,Male,false
431,Dominique,Hammill,dhammillby@technorati.com,Female,true
432,Cam,Trevena,ctrevenabz@moonfruit.com,Female,true
433,Lovell,Crosi,lcrosic0@jalbum.net,Male,true
434,Brion,Murrey,bmurreyc1@webmd.com,Male,true
435,Yelena,Lathleiff,ylathleiffc2@mapquest.com,Female,false
436,Quinlan,Tompkiss,qtompkissc3@last.fm,Male,true
437,Paule,Dix,pdixc4@state.gov,Female,false
438,Sherill,Grigson,sgrigsonc5@wikimedia.org,Agender,false
439,Arte,Woolager,awoolagerc6@umn.edu,Male,true
440,Pavlov,Petre,ppetrec7@pen.io,Male,false
441,Herbie,Kingcott,hkingcottc8@4shared.com,Male,true
442,Ty,Birtchnell,tbirtchnellc9@homestead.com,Male,true
443,Piggy,Gouldthorp,pgouldthorpca@posterous.com,Male,false
444,Kristoforo,Norridge,knorridgecb@businesswire.com,Male,true
445,Welbie,Odger,wodgercc@51.la,Male,true
446,Sumner,Bodle,sbodlecd@mtv.com,Male,false
447,Sanderson,Cristea,scristeace@state.gov,Male,false
448,Tod,Breens,tbreenscf@nationalgeographic.com,Male,false
449,Gretel,Blacksland,gblackslandcg@house.gov,Female,true
450,Ichabod,Heakins,iheakinsch@fotki.com,Male,false
451,Gerik,Sainsbury-Brown,gsainsburybrownci@yelp.com,Polygender,false
452,Ram,Crilley,rcrilleycj@gov.uk,Male,false
453,Douglas,Bernardez,dbernardezck@blog.com,Bigender,false
454,Dodi,Dewberry,ddewberrycl@dailymail.co.uk,Female,false
455,Hyman,O'Shaughnessy,hoshaughnessycm@csmonitor.com,Male,true
456,Terza,Waddup,twaddupcn@paginegialle.it,Female,true
457,Tabina,Spawton,tspawtonco@nyu.edu,Female,false
458,Jordain,Hincks,jhinckscp@shop-pro.jp,Female,true
459,Philipa,Bunch,pbunchcq@nationalgeographic.com,Female,true
460,Cynthie,Jonsson,cjonssoncr@etsy.com,Female,true
461,Olenka,Portch,oportchcs@nasa.gov,Female,true
462,Jess,Ferbrache,jferbrachect@springer.com,Male,false
463,Mirelle,Larmuth,mlarmuthcu@google.com.br,Female,true
464,Mariska,Fearnill,mfearnillcv@chicagotribune.com,Female,true
465,Minor,Coard,mcoardcw@paypal.com,Male,false
466,Doyle,Trevers,dtreverscx@newsvine.com,Male,false
467,Joceline,Staines,jstainescy@webnode.com,Female,true
468,Lutero,Town,ltowncz@dailymotion.com,Male,true
469,Taber,Billinge,tbillinged0@spotify.com,Male,true
470,Herc,Behne,hbehned1@netvibes.com,Male,false
471,Margette,Asmus,masmusd2@fema.gov,Non-binary,false
472,Dyna,Dericot,ddericotd3@zdnet.com,Female,false
473,Brok,Boother,bbootherd4@un.org,Male,true
474,Pren,Bernardelli,pbernardellid5@ning.com,Male,true
475,Kelsey,MacGiffin,kmacgiffind6@naver.com,Female,true
476,Fawn,Wynch,fwynchd7@globo.com,Female,false
477,Cristabel,Verrell,cverrelld8@discovery.com,Female,false
478,Christy,Drinkhall,cdrinkhalld9@japanpost.jp,Male,true
479,Aldis,Gronous,agronousda@wiley.com,Male,true
480,Alie,Maccree,amaccreedb@economist.com,Female,false
481,Say,Scramage,sscramagedc@spiegel.de,Genderqueer,false
482,Colby,Antrag,cantragdd@tiny.cc,Male,false
483,Ruby,Floch,rflochde@histats.com,Male,true
484,Emelita,Jennemann,ejennemanndf@vistaprint.com,Female,true
485,Felice,Swinfen,fswinfendg@webs.com,Female,false
486,Bradly,Woodington,bwoodingtondh@studiopress.com,Male,true
487,Lorine,Beagin,lbeagindi@hhs.gov,Female,false
488,Nathanil,McRill,nmcrilldj@mac.com,Male,false
489,Chicky,Slessar,cslessardk@theatlantic.com,Male,false
490,Kellina,Radleigh,kradleighdl@imgur.com,Female,true
491,Meridel,Scemp,mscempdm@businessweek.com,Genderqueer,true
492,Binni,Gelletly,bgelletlydn@sun.com,Female,true
493,Gretal,Albrecht,galbrechtdo@aol.com,Female,false
494,Tad,Crottagh,tcrottaghdp@google.nl,Male,false
495,Linoel,Challener,lchallenerdq@bloomberg.com,Male,false
496,Micheline,Dearsley,mdearsleydr@chronoengine.com,Female,false
497,Merv,Carman,mcarmands@ifeng.com,Male,true
498,Poul,Mace,pmacedt@arizona.edu,Male,true
499,Stacey,Corneliussen,scorneliussendu@liveinternet.ru,Female,true
500,Drucy,Poluzzi,dpoluzzidv@ehow.com,Female,true
501,Sileas,Creeboe,screeboedw@cdbaby.com,Female,false
502,Alexis,Scudamore,ascudamoredx@samsung.com,Male,false
503,Tanny,O'Neil,toneildy@home.pl,Bigender,false
504,Alonzo,Extence,aextencedz@smugmug.com,Male,false
505,Deeanne,Shakspeare,dshakspearee0@about.com,Female,false
506,Bertrando,Punshon,bpunshone1@sourceforge.net,Male,false
507,Josias,Corrin,jcorrine2@digg.com,Male,false
508,Richard,Darco,rdarcoe3@npr.org,Polygender,false
509,Toma,Coathup,tcoathupe4@gnu.org,Genderfluid,true
510,Edy,Fidian,efidiane5@icq.com,Female,true
511,Christine,Sone,csonee6@mashable.com,Female,false
512,Beatriz,Grolmann,bgrolmanne7@umich.edu,Female,true
513,Philipa,Tunstall,ptunstalle8@fc2.com,Female,true
514,Hewett,Eriksson,herikssone9@prnewswire.com,Male,false
515,Clywd,Apfel,capfelea@ow.ly,Male,false
516,Valdemar,Cicchetto,vcicchettoeb@dagondesign.com,Male,false
517,Frank,Willerson,fwillersonec@skyrock.com,Female,true
518,Darline,Budnk,dbudnked@i2i.jp,Female,false
519,Jack,Fessions,jfessionsee@weather.com,Male,true
520,Birdie,Perfitt,bperfittef@newsvine.com,Female,true
521,Beth,Treherne,btreherneeg@businesswire.com,Female,false
522,Berthe,Prigg,bpriggeh@businessweek.com,Female,true
523,Robbert,Stoker,rstokerei@csmonitor.com,Male,true
524,Brocky,Edmonson,bedmonsonej@weather.com,Male,false
525,Ruthanne,Treves,rtrevesek@barnesandnoble.com,Female,true
526,Joanne,Schlag,jschlagel@nasa.gov,Female,true
527,Ofelia,Cranney,ocranneyem@pcworld.com,Female,true
528,Hobey,Chinnock,hchinnocken@mayoclinic.com,Male,false
529,Jamie,McNirlin,jmcnirlineo@devhub.com,Female,true
530,Lotta,Poyzer,lpoyzerep@biglobe.ne.jp,Female,true
531,Cecilius,Melvin,cmelvineq@europa.eu,Male,false
532,Patrizia,Dingsdale,pdingsdaleer@google.pl,Female,true
533,Jackelyn,Duckels,jduckelses@free.fr,Bigender,true
534,Margie,Siley,msileyet@fastcompany.com,Female,true
535,Paula,Erley,perleyeu@ameblo.jp,Female,true
536,Barth,Gunthorpe,bgunthorpeev@yellowbook.com,Male,true
537,Torr,Crawford,tcrawfordew@barnesandnoble.com,Male,false
538,Siouxie,Bernardeau,sbernardeauex@narod.ru,Female,false
539,Cly,Hambers,chambersey@parallels.com,Male,true
540,Klarika,Buttle,kbuttleez@comcast.net,Female,false
541,Sandor,Iacovaccio,siacovacciof0@smh.com.au,Male,true
542,Belita,Cossans,bcossansf1@surveymonkey.com,Female,false
543,Jorge,Fryman,jfrymanf2@uiuc.edu,Male,true
544,Karee,Frost,kfrostf3@comcast.net,Female,false
545,Onfre,Jeanequin,ojeanequinf4@feedburner.com,Male,true
546,Duke,Brotherton,dbrothertonf5@t-online.de,Male,true
547,Ree,Tinghill,rtinghillf6@theguardian.com,Female,false
548,Fania,Giacopello,fgiacopellof7@unc.edu,Female,false
549,Honor,Blackmuir,hblackmuirf8@patch.com,Genderqueer,true
550,Dukey,Piddlehinton,dpiddlehintonf9@devhub.com,Male,false
551,Ivette,Spir,ispirfa@sphinn.com,Female,true
552,Ives,Regina,ireginafb@adobe.com,Male,false
553,Rasia,Sewards,rsewardsfc@samsung.com,Female,false
554,Kermie,Kernar,kkernarfd@theatlantic.com,Male,true
555,Jaclyn,Senett,jsenettfe@posterous.com,Genderfluid,false
556,Olin,Hurcombe,ohurcombeff@dion.ne.jp,Male,false
557,Mandy,Rhelton,mrheltonfg@kickstarter.com,Polygender,true
558,Durward,Hanvey,dhanveyfh@springer.com,Non-binary,false
559,Gerty,Gargett,ggargettfi@engadget.com,Female,true
560,Angelia,Lalonde,alalondefj@cisco.com,Female,true
561,Helen,Robe,hrobefk@hud.gov,Female,true
562,Joyous,Vinten,jvintenfl@msn.com,Female,false
563,Alverta,Bowles,abowlesfm@engadget.com,Female,false
564,Isabeau,Hickin,ihickinfn@arstechnica.com,Female,true
565,Haven,Evans,hevansfo@senate.gov,Male,false
566,Orazio,Leftbridge,oleftbridgefp@jimdo.com,Male,false
567,Devonne,Tyres,dtyresfq@smh.com.au,Female,false
568,Sherlock,Cescoti,scescotifr@chronoengine.com,Male,true
569,Kynthia,McGregor,kmcgregorfs@studiopress.com,Female,false
570,Adolpho,Hallyburton,ahallyburtonft@usgs.gov,Male,true
571,Mortimer,Dickenson,mdickensonfu@uol.com.br,Male,true
572,Brocky,Tomlin,btomlinfv@cbsnews.com,Male,true
573,Katy,Leadley,kleadleyfw@twitpic.com,Female,true
574,Dulcinea,Hendrich,dhendrichfx@ucoz.ru,Genderfluid,false
575,Nataline,Jouen,njouenfy@wp.com,Female,false
576,Carmine,Doe,cdoefz@symantec.com,Female,true
577,Standford,Kibblewhite,skibblewhiteg0@miitbeian.gov.cn,Male,false
578,Clarance,Mablestone,cmablestoneg1@economist.com,Male,false
579,Amata,Gaye,agayeg2@craigslist.org,Female,false
580,Tommi,Ailward,tailwardg3@google.com.hk,Female,false
581,Aveline,Ollier,aollierg4@github.io,Female,false
582,Alejandrina,Callender,acallenderg5@dailymotion.com,Polygender,false
583,Lion,Grut,lgrutg6@yelp.com,Male,true
584,Kristofor,Gaiford,kgaifordg7@usatoday.com,Male,true
585,Bobbye,Qualtrough,bqualtroughg8@skyrock.com,Female,false
586,Darrick,Mullin,dmulling9@arizona.edu,Male,false
587,Carlyle,Axten,caxtenga@icio.us,Male,true
588,Kalindi,Esch,keschgb@webeden.co.uk,Female,true
589,Burty,Riding,bridinggc@storify.com,Male,true
590,Bernardina,Mungan,bmungangd@mysql.com,Female,true
591,Pieter,Cleal,pclealge@tamu.edu,Male,true
592,Cleve,Dubose,cdubosegf@yahoo.co.jp,Male,true
593,Frannie,Albrecht,falbrechtgg@elegantthemes.com,Female,false
594,Darryl,Malarkey,dmalarkeygh@symantec.com,Male,true
595,Everard,Oxborough,eoxboroughgi@dedecms.com,Male,true
596,Marylynne,Ridewood,mridewoodgj@flavors.me,Female,true
597,Ethelind,Delve,edelvegk@comsenz.com,Female,true
598,Chryste,Blaxall,cblaxallgl@studiopress.com,Female,true
599,Nicolais,McCraine,nmccrainegm@nbcnews.com,Male,false
600,Corrianne,Stichel,cstichelgn@ca.gov,Genderqueer,true
601,Katleen,O'Connel,koconnelgo@com.com,Female,false
602,Nat,Tretwell,ntretwellgp@so-net.ne.jp,Male,true
603,Woody,Ornillos,wornillosgq@feedburner.com,Male,true
604,Wallie,Dowty,wdowtygr@clickbank.net,Male,false
605,Boycey,Cicutto,bcicuttogs@toplist.cz,Male,true
606,Kelley,Poles,kpolesgt@squarespace.com,Female,true
607,Joanne,Januszkiewicz,jjanuszkiewiczgu@cnn.com,Female,false
608,Gert,Boucher,gbouchergv@oracle.com,Female,false
609,Tine,Cowpland,tcowplandgw@163.com,Female,false
610,Jenilee,Jedrzejewsky,jjedrzejewskygx@t.co,Female,true
611,Austin,Eldred,aeldredgy@seattletimes.com,Male,false
612,Loreen,Longhi,llonghigz@statcounter.com,Female,false
613,Jolyn,Grigorini,jgrigorinih0@columbia.edu,Female,false
614,Kurtis,Hutchcraft,khutchcrafth1@yellowbook.com,Male,false
615,Morse,Ninotti,mninottih2@mayoclinic.com,Male,false
616,Brendan,Jarvis,bjarvish3@google.co.jp,Male,true
617,Ernest,Scalia,escaliah4@printfriendly.com,Bigender,true
618,Linzy,Grindle,lgrindleh5@state.gov,Female,false
619,Robb,Pullinger,rpullingerh6@wsj.com,Male,false
620,Garland,McCory,gmccoryh7@ca.gov,Female,true
621,Eldin,Ruseworth,eruseworthh8@amazon.co.jp,Male,true
622,Feodor,Midson,fmidsonh9@vimeo.com,Polygender,false
623,Riannon,Louca,rloucaha@amazonaws.com,Female,false
624,Anatola,Whetland,awhetlandhb@go.com,Female,false
625,Mata,Holah,mholahhc@artisteer.com,Male,true
626,Base,Moyles,bmoyleshd@google.co.uk,Male,true
627,Quinlan,Blaisdell,qblaisdellhe@wikipedia.org,Male,false
628,Ella,Cartlidge,ecartlidgehf@blogspot.com,Female,true
629,Cyb,Lindblad,clindbladhg@nps.gov,Female,true
630,Hilario,Bartke,hbartkehh@howstuffworks.com,Male,false
631,Catina,Brown,cbrownhi@google.pl,Female,false
632,Malvin,Castilla,mcastillahj@pinterest.com,Male,false
633,Bibi,Breeder,bbreederhk@businessweek.com,Female,false
634,Gaby,Robardet,grobardethl@timesonline.co.uk,Female,true
635,Genny,Kasparski,gkasparskihm@census.gov,Female,true
636,Salvatore,Garbert,sgarberthn@ocn.ne.jp,Male,false
637,Cecilla,Mussen,cmussenho@smugmug.com,Female,true
638,Zola,Cahalin,zcahalinhp@icq.com,Female,false
639,Nat,Selwood,nselwoodhq@nih.gov,Male,false
640,Erhard,Franck,efranckhr@msu.edu,Male,true
641,Willow,Shobbrook,wshobbrookhs@mapy.cz,Female,true
642,Doralin,Cafferky,dcafferkyht@nifty.com,Female,false
643,Rosita,Heeps,rheepshu@domainmarket.com,Female,true
644,Judah,Bewlay,jbewlayhv@mapy.cz,Male,true
645,Zared,Gurge,zgurgehw@toplist.cz,Male,false
646,Sandye,Flahy,sflahyhx@barnesandnoble.com,Female,false
647,Christiane,Handrik,chandrikhy@biglobe.ne.jp,Female,false
648,Carolyne,Hiskey,chiskeyhz@squarespace.com,Female,true
649,Alonso,Dowey,adoweyi0@yolasite.com,Male,false
650,Venita,Sanchiz,vsanchizi1@youku.com,Female,true
651,Lucy,Grealish,lgrealishi2@printfriendly.com,Female,true
652,Sibella,Corteis,scorteisi3@i2i.jp,Female,true
653,Ingemar,Cragoe,icragoei4@oaic.gov.au,Male,false
654,Melodie,Kinge,mkingei5@jimdo.com,Female,false
655,Loella,Bunten,lbunteni6@dot.gov,Genderqueer,true
656,Dexter,Qualtro,dqualtroi7@thetimes.co.uk,Male,false
657,Justen,Maitland,jmaitlandi8@cloudflare.com,Male,true
658,Teddy,Slyman,tslymani9@ucsd.edu,Female,true
659,Merilee,Lorenzini,mlorenziniia@linkedin.com,Female,false
660,Jenny,Ditchfield,jditchfieldib@mapy.cz,Female,true
661,Portie,Gage,pgageic@businesswire.com,Male,false
662,Dawn,Kenway,dkenwayid@themeforest.net,Female,true
663,Mirabelle,Pittway,mpittwayie@imdb.com,Female,true
664,Konstance,Stollwerck,kstollwerckif@bandcamp.com,Female,true
665,Robbi,Seargeant,rseargeantig@wisc.edu,Female,false
666,Ronica,Barbe,rbarbeih@squidoo.com,Female,false
667,Vick,Taffie,vtaffieii@aboutads.info,Male,true
668,Annice,Germon,agermonij@netlog.com,Female,false
669,Jourdan,Abramamovh,jabramamovhik@google.com,Female,true
670,Yorgos,Blasing,yblasingil@1688.com,Male,true
671,Derry,McTrustie,dmctrustieim@marriott.com,Non-binary,false
672,Corabella,Tunbridge,ctunbridgein@blogs.com,Female,true
673,Waly,Dollen,wdollenio@time.com,Female,false
674,Micky,Emanulsson,memanulssonip@unblog.fr,Female,true
675,Meir,Ferrieri,mferrieriiq@t-online.de,Male,false
676,Rubetta,Esterbrook,resterbrookir@skype.com,Female,true
677,Guido,Blamey,gblameyis@newyorker.com,Male,true
678,Marylynne,Pepi,mpepiit@globo.com,Female,false
679,Thatcher,Blees,tbleesiu@skype.com,Male,true
680,Jerrilyn,Kittle,jkittleiv@wisc.edu,Female,false
681,Pattie,Gordge,pgordgeiw@istockphoto.com,Female,false
682,Jeanelle,Cracie,jcracieix@intel.com,Female,true
683,Walsh,Sprade,wspradeiy@e-recht24.de,Male,true
684,Dene,Fernehough,dfernehoughiz@mozilla.org,Male,true
685,Esta,Firebrace,efirebracej0@de.vu,Female,false
686,Hazel,Drewry,hdrewryj1@webnode.com,Male,true
687,Osmond,Rault,oraultj2@amazon.de,Male,false
688,Adam,Gillice,agillicej3@virginia.edu,Male,true
689,Jeri,McGinty,jmcgintyj4@ebay.com,Female,false
690,Sunny,Kitchenham,skitchenhamj5@list-manage.com,Male,true
691,Adel,Kemball,akemballj6@google.com.br,Female,false
692,Adelbert,Halliberton,ahallibertonj7@g.co,Male,true
693,Guglielma,Cockley,gcockleyj8@friendfeed.com,Female,true
694,Lilia,Hiskey,lhiskeyj9@columbia.edu,Female,true
695,Noe,Boyton,nboytonja@cornell.edu,Male,true
696,Esteban,Reinhart,ereinhartjb@diigo.com,Male,false
697,Therese,Cicetti,tcicettijc@samsung.com,Female,true
698,Teodoro,Proppers,tproppersjd@dell.com,Male,false
699,Kym,Tackes,ktackesje@weibo.com,Female,true
700,Hulda,Savery,hsaveryjf@freewebs.com,Female,false
701,Garth,Winkle,gwinklejg@berkeley.edu,Male,false
702,Burlie,Keddle,bkeddlejh@cornell.edu,Male,true
703,Berte,Beastall,bbeastallji@wikia.com,Female,true
704,Payton,Toomer,ptoomerjj@examiner.com,Non-binary,true
705,Matty,Lusher,mlusherjk@livejournal.com,Male,false
706,Violette,Merton,vmertonjl@1und1.de,Female,false
707,Levy,Behr,lbehrjm@goodreads.com,Male,false
708,Llewellyn,Butner,lbutnerjn@uiuc.edu,Male,true
709,Aguistin,Element,aelementjo@weibo.com,Male,true
710,Archambault,Pentycost,apentycostjp@lycos.com,Male,false
711,Elden,Halgarth,ehalgarthjq@sciencedaily.com,Male,true
712,Elysha,Wingham,ewinghamjr@senate.gov,Female,false
713,Pamelina,Smitherman,psmithermanjs@shareasale.com,Genderqueer,false
714,Giffie,Ripper,gripperjt@rakuten.co.jp,Male,false
715,Artemis,Buchett,abuchettju@w3.org,Male,false
716,Reinhold,Howell,rhowelljv@a8.net,Male,false
717,Abby,Mallebone,amallebonejw@posterous.com,Bigender,true
718,Thatch,Levings,tlevingsjx@usda.gov,Male,true
719,Bartel,Hickin,bhickinjy@networkadvertising.org,Male,true
720,Kristi,Cecely,kcecelyjz@amazonaws.com,Female,true
721,Simona,Ferreres,sferreresk0@samsung.com,Female,false
722,Ingmar,Normington,inormingtonk1@telegraph.co.uk,Male,true
723,Antin,Ollington,aollingtonk2@purevolume.com,Male,false
724,Ashia,Ashfold,aashfoldk3@thetimes.co.uk,Female,true
725,Glenda,Le Barre,glebarrek4@nasa.gov,Genderqueer,true
726,Tamas,Dowsett,tdowsettk5@umn.edu,Male,false
727,Bertrando,Castagneri,bcastagnerik6@nba.com,Male,true
728,Winfield,Ivey,wiveyk7@hp.com,Male,true
729,Alwyn,Howcroft,ahowcroftk8@yelp.com,Male,false
730,Melvyn,Grainger,mgraingerk9@tripadvisor.com,Male,false
731,Katy,Daniels,kdanielska@ycombinator.com,Female,false
732,Persis,Saxton,psaxtonkb@icq.com,Female,false
733,Laurie,Ricardot,lricardotkc@squarespace.com,Female,true
734,Omar,McCreary,omccrearykd@oracle.com,Bigender,false
735,Edgard,Teesdale,eteesdaleke@example.com,Male,true
736,Jess,Plaice,jplaicekf@redcross.org,Male,false
737,Saba,Gamell,sgamellkg@facebook.com,Female,true
738,Leicester,Rowlett,lrowlettkh@pagesperso-orange.fr,Agender,false
739,Grace,Wills,gwillski@imgur.com,Female,true
740,Maxwell,Plitz,mplitzkj@bandcamp.com,Male,true
741,Jillie,Scarlett,jscarlettkk@globo.com,Female,true
742,Justus,Strowlger,jstrowlgerkl@earthlink.net,Male,true
743,Tim,Hearnaman,thearnamankm@amazon.co.uk,Female,false
744,Corney,Grim,cgrimkn@ihg.com,Male,true
745,Laural,Humbert,lhumbertko@mediafire.com,Female,true
746,Sheeree,Wippermann,swippermannkp@a8.net,Female,true
747,Wally,Daveren,wdaverenkq@nationalgeographic.com,Genderfluid,false
748,Leslie,Birtwisle,lbirtwislekr@utexas.edu,Male,true
749,Alasteir,Bend,abendks@phpbb.com,Male,false
750,Donna,Davers,ddaverskt@tinyurl.com,Female,true
751,Jeri,Matheson,jmathesonku@tmall.com,Genderfluid,false
752,Durward,Rouff,drouffkv@cdbaby.com,Male,false
753,Giulia,Kerwen,gkerwenkw@businessweek.com,Female,false
754,Danna,Machen,dmachenkx@gov.uk,Female,true
755,Sophi,Torfin,storfinky@angelfire.com,Female,true
756,Sallee,McKiddin,smckiddinkz@slideshare.net,Female,false
757,Thane,Valdes,tvaldesl0@goodreads.com,Male,true
758,Averell,Wyon,awyonl1@unicef.org,Male,false
759,Annabelle,Tanswell,atanswelll2@netscape.com,Female,false
760,Perry,Cancelier,pcancelierl3@arstechnica.com,Female,true
761,Kandy,Nelane,knelanel4@buzzfeed.com,Female,false
762,Locke,Sowray,lsowrayl5@washingtonpost.com,Male,false
763,Dickie,Fawson,dfawsonl6@biblegateway.com,Male,false
764,Janina,Tafani,jtafanil7@npr.org,Female,true
765,Tedra,Werner,twernerl8@bizjournals.com,Female,false
766,Carmel,Younglove,cyounglovel9@mysql.com,Female,false
767,Torie,Brothwell,tbrothwellla@zdnet.com,Female,true
768,Saundra,Reicherz,sreicherzlb@vinaora.com,Female,true
769,Mommy,McNeill,mmcneilllc@jigsy.com,Female,false
770,Garrard,Scarfe,gscarfeld@livejournal.com,Male,false
771,Sybil,Writtle,swrittlele@hud.gov,Female,false
772,Georgie,Caillou,gcailloulf@blogspot.com,Male,true
773,Danyette,Vankov,dvankovlg@gizmodo.com,Female,false
774,Dion,Jakubovics,djakubovicslh@buzzfeed.com,Male,true
775,Shauna,Jarratt,sjarrattli@wufoo.com,Female,false
776,Rhys,Sabban,rsabbanlj@booking.com,Male,false
777,Quincey,Learmouth,qlearmouthlk@amazon.com,Male,false
778,Rosabel,Fudge,rfudgell@creativecommons.org,Female,false
779,Adan,Agutter,aagutterlm@wordpress.com,Female,true
780,Kitti,Gorgen,kgorgenln@wp.com,Female,true
781,Jillie,Yurov,jyurovlo@dropbox.com,Female,false
782,Glenden,Fullwood,gfullwoodlp@guardian.co.uk,Male,true
783,Sly,Cristoferi,scristoferilq@oracle.com,Male,true
784,Bernardo,Fysh,bfyshlr@ted.com,Male,false
785,Karlis,Jervoise,kjervoisels@census.gov,Male,true
786,Shelton,Alliott,salliottlt@mlb.com,Male,false
787,Suzanna,Scopham,sscophamlu@bigcartel.com,Female,false
788,Gregorius,Ilett,gilettlv@redcross.org,Male,true
789,Lowell,Galgey,lgalgeylw@dropbox.com,Male,false
790,Massimiliano,Knighton,mknightonlx@booking.com,Male,true
791,Dyan,Harrop,dharroply@nationalgeographic.com,Female,true
792,Carmine,Bakey,cbakeylz@blogtalkradio.com,Male,true
793,Towney,Osbiston,tosbistonm0@netscape.com,Male,true
794,Reine,Justice,rjusticem1@facebook.com,Female,true
795,Stephanie,Parmiter,sparmiterm2@narod.ru,Female,true
796,Fionnula,Ketley,fketleym3@infoseek.co.jp,Agender,true
797,Agatha,Morsey,amorseym4@examiner.com,Female,true
798,Garnette,Vaulkhard,gvaulkhardm5@newyorker.com,Female,false
799,Laurie,Brown,lbrownm6@go.com,Male,false
800,Serena,Lacase,slacasem7@zdnet.com,Female,false
801,Blake,Wycliffe,bwycliffem8@apache.org,Female,false
802,Evie,Oseman,eosemanm9@reuters.com,Female,false
803,Geralda,Harby,gharbyma@odnoklassniki.ru,Female,true
804,Herrick,Fenix,hfenixmb@w3.org,Male,false
805,Mycah,Sartain,msartainmc@yale.edu,Male,true
806,Annemarie,Domnin,adomninmd@netscape.com,Female,false
807,Shaylyn,Gooderridge,sgooderridgeme@unicef.org,Female,false
808,Dwain,Marrian,dmarrianmf@latimes.com,Male,true
809,Zollie,Noakes,znoakesmg@de.vu,Male,false
810,Bobbie,Leek,bleekmh@hhs.gov,Female,true
811,Feliks,Dace,fdacemi@mapy.cz,Male,true
812,Vidovik,Gras,vgrasmj@shareasale.com,Male,false
813,Hendrick,Vedyaev,hvedyaevmk@cam.ac.uk,Male,true
814,Waverley,Giacopazzi,wgiacopazziml@biglobe.ne.jp,Male,false
815,Dee dee,Bockin,dbockinmm@macromedia.com,Agender,false
816,Vonnie,Charker,vcharkermn@deviantart.com,Female,true
817,Adele,Padillo,apadillomo@cam.ac.uk,Female,false
818,D'arcy,Labbez,dlabbezmp@newsvine.com,Male,false
819,Nathaniel,Bulcock,nbulcockmq@apache.org,Genderfluid,false
820,Kahlil,Cream,kcreammr@naver.com,Male,true
821,Jeane,O'Sesnane,josesnanems@dot.gov,Female,true
822,Niki,Andreucci,nandreuccimt@china.com.cn,Male,true
823,Jessie,Magson,jmagsonmu@tinypic.com,Male,false
824,Joycelin,Yesenin,jyeseninmv@paginegialle.it,Female,false
825,Zollie,Wyllt,zwylltmw@odnoklassniki.ru,Male,true
826,Bar,Hurne,bhurnemx@nps.gov,Male,true
827,Pier,Letcher,pletchermy@businessweek.com,Female,false
828,Willie,Mylechreest,wmylechreestmz@washington.edu,Female,false
829,Rockwell,Dobbs,rdobbsn0@washingtonpost.com,Male,false
830,Hermine,Beaze,hbeazen1@economist.com,Female,true
831,Sylvan,McLelland,smclellandn2@thetimes.co.uk,Male,false
832,Gael,Gilleon,ggilleonn3@ameblo.jp,Female,false
833,Ronica,Graber,rgrabern4@mediafire.com,Female,true
834,Rona,Coppin,rcoppinn5@shop-pro.jp,Female,false
835,Allen,Levine,alevinen6@example.com,Male,true
836,Jillayne,Grasser,jgrassern7@forbes.com,Female,false
837,Clyve,Newhouse,cnewhousen8@cnn.com,Male,false
838,Hallsy,Mephan,hmephann9@google.com.hk,Male,true
839,Agneta,Crevagh,acrevaghna@163.com,Female,false
840,Burtie,Gummow,bgummownb@ehow.com,Male,false
841,Barnabas,Mebius,bmebiusnc@themeforest.net,Male,false
842,Winn,Mulberry,wmulberrynd@ycombinator.com,Non-binary,false
843,Krystalle,Chomiszewski,kchomiszewskine@paypal.com,Female,true
844,Berty,Sermin,bserminnf@economist.com,Non-binary,false
845,Zaria,Christofe,zchristofeng@discovery.com,Female,false
846,Jeremie,Meeny,jmeenynh@miibeian.gov.cn,Male,false
847,Joey,Chantrell,jchantrellni@bluehost.com,Female,true
848,Ches,Kornilov,ckornilovnj@pagesperso-orange.fr,Male,true
849,Hilda,Boland,hbolandnk@nytimes.com,Genderfluid,false
850,Amata,Dickons,adickonsnl@bloglines.com,Female,true
851,Patricio,Bradnock,pbradnocknm@hatena.ne.jp,Male,true
852,Gerome,Sandlin,gsandlinnn@smh.com.au,Male,true
853,Gwenore,Absolom,gabsolomno@tripod.com,Female,true
854,Corby,Pohlke,cpohlkenp@cbsnews.com,Male,true
855,Hestia,Girvin,hgirvinnq@dot.gov,Agender,false
856,Ninetta,Pilmer,npilmernr@tinyurl.com,Female,false
857,Doralia,Fibbens,dfibbensns@unc.edu,Female,false
858,Farlay,Blaza,fblazant@woothemes.com,Male,true
859,Sully,Zanetto,szanettonu@phoca.cz,Male,false
860,Ginni,Ege,gegenv@tripod.com,Female,false
861,Reece,Stratz,rstratznw@mysql.com,Genderqueer,false
862,Yance,Tarn,ytarnnx@plala.or.jp,Male,false
863,Dorri,Meachan,dmeachanny@baidu.com,Female,true
864,Sanders,Slipper,sslippernz@berkeley.edu,Male,true
865,Ward,Shepperd,wshepperdo0@webs.com,Male,false
866,Charles,Cownden,ccowndeno1@ustream.tv,Male,true
867,Ianthe,Offin,ioffino2@google.pl,Female,false
868,Yuma,Larcombe,ylarcombeo3@usatoday.com,Male,false
869,Marcille,McLeman,mmclemano4@oakley.com,Female,true
870,Teirtza,Coite,tcoiteo5@jalbum.net,Non-binary,true
871,Lance,Demetr,ldemetro6@admin.ch,Male,false
872,Golda,Withrington,gwithringtono7@ed.gov,Female,false
873,Aleda,Ebbing,aebbingo8@behance.net,Female,false
874,Dollie,Bigg,dbiggo9@arstechnica.com,Agender,false
875,Jaquelyn,Deaconson,jdeaconsonoa@psu.edu,Genderfluid,true
876,Shela,Asipenko,sasipenkoob@house.gov,Female,true
877,Rey,Edler,redleroc@netscape.com,Bigender,false
878,Mariska,Duetschens,mduetschensod@google.co.jp,Genderfluid,true
879,Blondy,Vedenisov,bvedenisovoe@123-reg.co.uk,Female,false
880,Sonni,Maddy,smaddyof@barnesandnoble.com,Female,false
881,Devora,Louth,dlouthog@hexun.com,Female,false
882,Knox,Rahill,krahilloh@livejournal.com,Male,true
883,Yule,Carragher,ycarragheroi@sfgate.com,Non-binary,true
884,Jerald,Dixey,jdixeyoj@wufoo.com,Male,false
885,Bette-ann,Wheater,bwheaterok@google.com.br,Female,true
886,Bordie,Sutheran,bsutheranol@icio.us,Male,false
887,Skelly,Kemwall,skemwallom@businessinsider.com,Male,false
888,Nickolaus,Vamplers,nvamplerson@cnn.com,Male,false
889,Grazia,Vasilik,gvasilikoo@cam.ac.uk,Female,false
890,Kingsly,Dahlgren,kdahlgrenop@i2i.jp,Male,true
891,Gonzalo,Stygall,gstygalloq@github.io,Male,false
892,Borg,Morrell,bmorrellor@squarespace.com,Male,true
893,Terrie,Brash,tbrashos@taobao.com,Female,true
894,Whitney,Oliffe,woliffeot@umich.edu,Female,false
895,Rustie,Southers,rsouthersou@ifeng.com,Male,false
896,Ki,Delete,kdeleteov@yolasite.com,Female,false
897,Orsa,Fessions,ofessionsow@gizmodo.com,Female,false
898,Cicily,Matterson,cmattersonox@mayoclinic.com,Genderqueer,true
899,Saidee,Benediktovich,sbenediktovichoy@bigcartel.com,Female,true
900,Maudie,Tassaker,mtassakeroz@surveymonkey.com,Non-binary,true
901,Winston,Sealeaf,wsealeafp0@vinaora.com,Male,false
902,Grover,Myall,gmyallp1@walmart.com,Male,true
903,Taryn,Bricknall,tbricknallp2@mozilla.com,Female,false
904,Karly,Oman,komanp3@cloudflare.com,Female,true
905,Anjela,Velasquez,avelasquezp4@time.com,Female,true
906,Antonia,Basso,abassop5@newyorker.com,Female,true
907,Corty,Iozefovich,ciozefovichp6@sitemeter.com,Male,true
908,Fitz,Blevin,fblevinp7@kickstarter.com,Male,true
909,Osbourne,MacKegg,omackeggp8@hexun.com,Male,true
910,Woodie,Hesser,whesserp9@rambler.ru,Male,true
911,Rosalia,Waberer,rwabererpa@plala.or.jp,Genderfluid,true
912,Kandace,Reihm,kreihmpb@netscape.com,Bigender,false
913,Sully,Robers,sroberspc@goodreads.com,Male,false
914,Hobey,Bearcock,hbearcockpd@paypal.com,Male,true
915,Xenia,Diggins,xdigginspe@loc.gov,Non-binary,false
916,Hogan,Oylett,hoylettpf@vinaora.com,Male,true
917,Elizabet,Raith,eraithpg@last.fm,Female,true
918,Tova,Bottelstone,tbottelstoneph@dailymotion.com,Female,true
919,Knox,Cubbin,kcubbinpi@cbslocal.com,Male,true
920,Olivia,Eilles,oeillespj@people.com.cn,Female,false
921,Hanny,Chicotti,hchicottipk@sohu.com,Female,false
922,Odetta,Giacopazzi,ogiacopazzipl@wikia.com,Female,true
923,Urbano,Beevor,ubeevorpm@princeton.edu,Male,true
924,Euell,Marr,emarrpn@blogspot.com,Male,false
925,Christa,Gwinnel,cgwinnelpo@arizona.edu,Female,true
926,Cynthy,Harcarse,charcarsepp@ebay.com,Female,false
927,Jackelyn,Brash,jbrashpq@sciencedirect.com,Agender,true
928,Betsey,Fotheringham,bfotheringhampr@linkedin.com,Female,false
929,Benedetto,Denyukhin,bdenyukhinps@cam.ac.uk,Male,false
930,Althea,Parradine,aparradinept@posterous.com,Female,false
931,Rafaello,Dreng,rdrengpu@dion.ne.jp,Male,true
932,Nixie,Dougal,ndougalpv@cdc.gov,Female,true
933,Hildegaard,Gilli,hgillipw@pagesperso-orange.fr,Female,false
934,Alfred,Zanolli,azanollipx@hexun.com,Male,true
935,Serge,Schnitter,sschnitterpy@fc2.com,Male,false
936,Bettina,Setchfield,bsetchfieldpz@europa.eu,Agender,true
937,Red,Lindermann,rlindermannq0@wordpress.com,Male,false
938,Rance,MacSkeagan,rmacskeaganq1@army.mil,Male,false
939,Porty,Abelovitz,pabelovitzq2@blog.com,Male,false
940,Marje,Peegrem,mpeegremq3@usda.gov,Female,true
941,Sandra,Mattisson,smattissonq4@intel.com,Female,true
942,Jerry,Le feuvre,jlefeuvreq5@cdbaby.com,Male,false
943,Mozes,Taylorson,mtaylorsonq6@amazon.de,Male,false
944,Cristin,Callister,ccallisterq7@desdev.cn,Female,false
945,Jessa,Lembrick,jlembrickq8@icq.com,Female,true
946,Filmer,Sidebottom,fsidebottomq9@psu.edu,Male,false
947,Heda,Goadby,hgoadbyqa@opensource.org,Female,false
948,Tadd,Paunsford,tpaunsfordqb@howstuffworks.com,Male,false
949,Catarina,Edon,cedonqc@reverbnation.com,Female,false
950,Delmer,Summers,dsummersqd@quantcast.com,Male,true
951,Douglass,Reeders,dreedersqe@dell.com,Male,false
952,Nichols,Gagie,ngagieqf@state.tx.us,Male,false
953,Gwenny,Fildes,gfildesqg@google.co.jp,Female,false
954,Shanda,Lorent,slorentqh@jugem.jp,Female,true
955,Layney,Pau,lpauqi@state.gov,Female,true
956,Anatol,Twentyman,atwentymanqj@hud.gov,Male,false
957,Bekki,Iacabucci,biacabucciqk@google.nl,Female,true
958,Georgette,Messom,gmessomql@chicagotribune.com,Female,true
959,Lavinie,Churchward,lchurchwardqm@icq.com,Female,false
960,Trixy,Dawkins,tdawkinsqn@sciencedirect.com,Female,false
961,Jone,Inchboard,jinchboardqo@usda.gov,Male,false
962,Kellie,Childers,kchildersqp@acquirethisname.com,Female,true
963,Harris,Gawthorpe,hgawthorpeqq@reverbnation.com,Male,true
964,Cacilia,Lapthorn,clapthornqr@nbcnews.com,Female,false
965,Taffy,Engelbrecht,tengelbrechtqs@meetup.com,Female,true
966,Kimmy,Erratt,kerrattqt@miitbeian.gov.cn,Female,true
967,Lishe,Cholwell,lcholwellqu@xrea.com,Female,true
968,Ellwood,Chrippes,echrippesqv@prnewswire.com,Male,false
969,Dena,Dawbery,ddawberyqw@wordpress.com,Female,false
970,Foss,Rosbrough,frosbroughqx@indiatimes.com,Male,true
971,Malina,Downe,mdowneqy@dell.com,Genderfluid,false
972,Ailsun,Todari,atodariqz@state.tx.us,Female,false
973,Constantina,Brunnstein,cbrunnsteinr0@pinterest.com,Female,true
974,Babs,Da Costa,bdacostar1@dyndns.org,Female,true
975,Sherlocke,Prydden,spryddenr2@google.com.au,Male,false
976,Fayette,Dinnage,fdinnager3@linkedin.com,Female,true
977,Jere,Idle,jidler4@w3.org,Male,false
978,Luella,Baff,lbaffr5@weebly.com,Female,true
979,Mycah,Hodgon,mhodgonr6@wikispaces.com,Male,true
980,Gareth,Astlett,gastlettr7@huffingtonpost.com,Male,true
981,Brana,Pregel,bpregelr8@blog.com,Female,true
982,Joby,Bischoff,jbischoffr9@vistaprint.com,Female,true
983,Darci,Crisall,dcrisallra@icq.com,Female,true
984,Todd,Sharpless,tsharplessrb@booking.com,Male,true
985,Edgar,Sauvain,esauvainrc@mashable.com,Male,true
986,Larry,Fairholme,lfairholmerd@cloudflare.com,Male,true
987,Bucky,Pheasant,bpheasantre@wix.com,Male,false
988,Carr,Gatheridge,cgatheridgerf@liveinternet.ru,Genderqueer,false
989,Wendie,Gossington,wgossingtonrg@wikia.com,Female,false
990,Bertie,Spring,bspringrh@opera.com,Male,true
991,Margareta,Toulson,mtoulsonri@europa.eu,Female,true
992,Wyatan,Seymark,wseymarkrj@kickstarter.com,Male,false
993,Freddie,Duffett,fduffettrk@squarespace.com,Male,true
994,Veriee,Simmonite,vsimmoniterl@cloudflare.com,Female,false
995,Gwyneth,Donne,gdonnerm@usatoday.com,Female,true
996,Mandy,Beale,mbealern@reverbnation.com,Female,true
997,Conroy,Pethrick,cpethrickro@free.fr,Male,true
998,Pacorro,Davy,pdavyrp@godaddy.com,Male,false
999,Trefor,Dashkov,tdashkovrq@desdev.cn,Male,false
1000,Guenevere,Eastlake,geastlakerr@1und1.de,Genderqueer,false
